Date,Site_code,site,Transect,sample_num,Length
5/22/2019,S10,Seagrass_10,T1,1,7.523
5/22/2019,S10,Seagrass_10,T1,2,8.577
5/22/2019,S10,Seagrass_10,T1,3,5.443
5/22/2019,S10,Seagrass_10,T1,4,6.846
5/22/2019,S10,Seagrass_10,T1,5,3.433
5/22/2019,S10,Seagrass_10,T1,6,7.182
5/22/2019,S10,Seagrass_10,T1,7,5.067
5/22/2019,S10,Seagrass_10,T1,8,3.845
5/22/2019,S10,Seagrass_10,T1,9,4.303
5/22/2019,S10,Seagrass_10,T1,10,3.952
5/22/2019,S10,Seagrass_10,T1,11,5.267
5/22/2019,S10,Seagrass_10,T1,12,7.009
5/22/2019,S10,Seagrass_10,T1,13,3.177
5/22/2019,S10,Seagrass_10,T1,14,5.1
5/22/2019,S10,Seagrass_10,T1,15,4.973
5/22/2019,S10,Seagrass_10,T1,16,2.509
5/22/2019,S10,Seagrass_10,T1,17,3.208
5/22/2019,S10,Seagrass_10,T1,18,4.17
5/22/2019,S10,Seagrass_10,T1,19,2.41
5/22/2019,S10,Seagrass_10,T1,20,5.757
5/22/2019,S10,Seagrass_10,T1,21,2.685
5/22/2019,S10,Seagrass_10,T1,22,5.525
5/22/2019,S10,Seagrass_10,T1,23,4.812
5/22/2019,S10,Seagrass_10,T1,24,5.66
5/22/2019,S10,Seagrass_10,T2,1,2.973
5/22/2019,S10,Seagrass_10,T2,2,7.526
5/22/2019,S10,Seagrass_10,T2,3,3.5
5/22/2019,S10,Seagrass_10,T2,4,4.217
5/22/2019,S10,Seagrass_10,T2,5,3.385
5/22/2019,S10,Seagrass_10,T2,6,4.786
5/22/2019,S10,Seagrass_10,T2,7,8.133
5/22/2019,S10,Seagrass_10,T2,8,3.113
5/22/2019,S10,Seagrass_10,T2,9,4.046
5/22/2019,S10,Seagrass_10,T2,10,5.479
5/22/2019,S10,Seagrass_10,T2,11,8.871
5/22/2019,S10,Seagrass_10,T2,12,4.143
5/22/2019,S10,Seagrass_10,T2,13,4.709
5/22/2019,S10,Seagrass_10,T2,14,5.486
5/22/2019,S10,Seagrass_10,T2,15,3.475
5/22/2019,S10,Seagrass_10,T2,16,4.167
5/22/2019,S10,Seagrass_10,T2,17,7.74
5/22/2019,S10,Seagrass_10,T2,18,6.007
5/22/2019,S10,Seagrass_10,T2,19,7.534
5/22/2019,S10,Seagrass_10,T2,20,2.723
5/22/2019,S10,Seagrass_10,T2,21,4.289
5/22/2019,S10,Seagrass_10,T2,22,5.847
5/22/2019,S10,Seagrass_10,T2,23,3.66
5/22/2019,S10,Seagrass_10,T2,24,3.563
5/22/2019,S10,Seagrass_10,T2,25,5.066
5/22/2019,S10,Seagrass_10,T2,26,9.674
5/22/2019,S10,Seagrass_10,T2,27,3.354
5/22/2019,S10,Seagrass_10,T2,28,3.198
5/22/2019,S10,Seagrass_10,T2,29,2.928
5/22/2019,S10,Seagrass_10,T2,30,5.537
5/22/2019,S10,Seagrass_10,T2,31,9.571
5/22/2019,S10,Seagrass_10,T2,32,2.877
5/22/2019,S10,Seagrass_10,T2,33,3.953
5/22/2019,S10,Seagrass_10,T2,34,3.963
5/22/2019,S10,Seagrass_10,T2,35,6.568
5/22/2019,S10,Seagrass_10,T3,1,8.792
5/22/2019,S10,Seagrass_10,T3,2,6.03
5/22/2019,S10,Seagrass_10,T3,3,9.396
5/22/2019,S10,Seagrass_10,T3,4,7.937
5/22/2019,S10,Seagrass_10,T3,5,7.37
5/22/2019,S10,Seagrass_10,T3,6,8.032
5/22/2019,S10,Seagrass_10,T3,7,5.318
5/22/2019,S10,Seagrass_10,T3,8,3.585
5/22/2019,S10,Seagrass_10,T3,9,7.334
5/22/2019,S10,Seagrass_10,T3,10,5.192
5/22/2019,S10,Seagrass_10,T3,11,4.173
5/22/2019,S10,Seagrass_10,T3,12,7.207
5/22/2019,S10,Seagrass_10,T3,13,11.147
5/22/2019,S10,Seagrass_10,T3,14,7.234
5/22/2019,S10,Seagrass_10,T3,15,6.858
5/22/2019,S10,Seagrass_10,T3,16,9.194
5/22/2019,S10,Seagrass_10,T3,17,5.615
5/22/2019,S10,Seagrass_10,T3,18,6.029
5/22/2019,S10,Seagrass_10,T3,19,3.033
5/22/2019,S10,Seagrass_10,T3,20,6.739
5/22/2019,S10,Seagrass_10,T3,21,7.428
5/22/2019,S10,Seagrass_10,T3,22,4.809
5/22/2019,S10,Seagrass_10,T3,23,7.497
5/22/2019,S10,Seagrass_10,T3,24,6.378
5/22/2019,S10,Seagrass_10,T3,25,9.24
5/22/2019,S10,Seagrass_10,T3,26,11.84
5/22/2019,S10,Seagrass_10,T3,27,6.722
5/22/2019,S10,Seagrass_10,T3,28,5.466
5/22/2019,S10,Seagrass_10,T3,29,8.974
5/22/2019,S10,Seagrass_10,T3,30,5.436
5/22/2019,S10,Seagrass_10,T3,31,8.151
5/22/2019,S10,Seagrass_10,T3,32,3.588
5/22/2019,S10,Seagrass_10,T3,33,4.085
5/22/2019,S10,Seagrass_10,T3,34,4.866
5/22/2019,S10,Seagrass_10,T3,35,3.404
5/22/2019,S10,Seagrass_10,T3,36,8.58
5/22/2019,S10,Seagrass_10,T3,37,6.555
5/22/2019,S10,Seagrass_10,T3,38,7.035
5/22/2019,S10,Seagrass_10,T3,39,6.041
5/22/2019,S10,Seagrass_10,T3,40,4.495
5/22/2019,S10,Seagrass_10,T3,41,11.737
5/22/2019,S10,Seagrass_10,T3,42,6.668
5/22/2019,S10,Seagrass_10,T3,43,7.58
5/22/2019,S10,Seagrass_10,T3,44,7.181
5/22/2019,S12,Seagrass_12,T1,1,9.141
5/22/2019,S12,Seagrass_12,T1,2,11.034
5/22/2019,S12,Seagrass_12,T1,3,5.738
5/22/2019,S12,Seagrass_12,T1,4,8.7
5/22/2019,S12,Seagrass_12,T1,5,6.828
5/22/2019,S12,Seagrass_12,T1,6,11.54
5/22/2019,S12,Seagrass_12,T1,7,9.711
5/22/2019,S12,Seagrass_12,T1,8,13.931
5/22/2019,S12,Seagrass_12,T1,9,8.092
5/22/2019,S12,Seagrass_12,T1,10,4.646
5/22/2019,S12,Seagrass_12,T1,11,9.674
5/22/2019,S12,Seagrass_12,T1,12,11.635
5/22/2019,S12,Seagrass_12,T1,13,4.582
5/22/2019,S12,Seagrass_12,T1,14,6.311
5/22/2019,S12,Seagrass_12,T1,15,8.581
5/22/2019,S12,Seagrass_12,T1,16,3.249
5/22/2019,S12,Seagrass_12,T1,17,4.942
5/22/2019,S12,Seagrass_12,T1,18,13.524
5/22/2019,S12,Seagrass_12,T1,19,5.073
5/22/2019,S12,Seagrass_12,T1,20,6.183
5/22/2019,S12,Seagrass_12,T1,21,6.623
5/22/2019,S12,Seagrass_12,T1,22,7.618
5/22/2019,S12,Seagrass_12,T1,23,10.174
5/22/2019,S12,Seagrass_12,T1,24,6.105
5/22/2019,S12,Seagrass_12,T1,25,8.664
5/22/2019,S12,Seagrass_12,T1,26,7.391
5/22/2019,S12,Seagrass_12,T1,27,6.123
5/22/2019,S12,Seagrass_12,T1,28,6.494
5/22/2019,S12,Seagrass_12,T1,29,5.907
5/22/2019,S12,Seagrass_12,T1,30,6.109
5/22/2019,S12,Seagrass_12,T1,31,7.949
5/22/2019,S12,Seagrass_12,T2,1,15.924
5/22/2019,S12,Seagrass_12,T2,2,12.705
5/22/2019,S12,Seagrass_12,T2,3,5.819
5/22/2019,S12,Seagrass_12,T2,4,8.112
5/22/2019,S12,Seagrass_12,T2,5,8.825
5/22/2019,S12,Seagrass_12,T2,6,11.076
5/22/2019,S12,Seagrass_12,T2,7,12.154
5/22/2019,S12,Seagrass_12,T2,8,8.115
5/22/2019,S12,Seagrass_12,T2,9,8.407
5/22/2019,S12,Seagrass_12,T2,10,5.311
5/22/2019,S12,Seagrass_12,T2,11,6.214
5/22/2019,S12,Seagrass_12,T2,12,8.377
5/22/2019,S12,Seagrass_12,T2,13,8.357
5/22/2019,S12,Seagrass_12,T2,14,7.161
5/22/2019,S12,Seagrass_12,T2,15,6.984
5/22/2019,S12,Seagrass_12,T2,16,5.605
5/22/2019,S12,Seagrass_12,T2,17,10.5
5/22/2019,S12,Seagrass_12,T2,18,13.361
5/22/2019,S12,Seagrass_12,T2,19,7.724
5/22/2019,S12,Seagrass_12,T2,20,7.507
5/22/2019,S12,Seagrass_12,T2,21,8.211
5/22/2019,S12,Seagrass_12,T2,22,8.157
5/22/2019,S12,Seagrass_12,T2,23,9.365
5/22/2019,S12,Seagrass_12,T2,24,10.877
5/22/2019,S12,Seagrass_12,T2,25,12.689
5/22/2019,S12,Seagrass_12,T2,26,7.922
5/22/2019,S12,Seagrass_12,T2,27,12.496
5/22/2019,S12,Seagrass_12,T2,28,12.305
5/22/2019,S12,Seagrass_12,T2,29,6.137
5/22/2019,S12,Seagrass_12,T2,30,11.706
5/22/2019,S12,Seagrass_12,T3,1,10.952
5/22/2019,S12,Seagrass_12,T3,2,8.036
5/22/2019,S12,Seagrass_12,T3,3,15.341
5/22/2019,S12,Seagrass_12,T3,4,8.039
5/22/2019,S12,Seagrass_12,T3,5,10.042
5/22/2019,S12,Seagrass_12,T3,6,7.264
5/22/2019,S12,Seagrass_12,T3,7,6.445
5/22/2019,S12,Seagrass_12,T3,8,10.722
5/22/2019,S12,Seagrass_12,T3,9,7.619
5/22/2019,S12,Seagrass_12,T3,10,10.708
5/22/2019,S12,Seagrass_12,T3,11,20.1
5/22/2019,S12,Seagrass_12,T3,12,8.791
5/22/2019,S12,Seagrass_12,T3,13,6.382
5/22/2019,S12,Seagrass_12,T3,14,8.56
5/22/2019,S12,Seagrass_12,T3,15,5.544
5/22/2019,S12,Seagrass_12,T3,16,7.223
5/22/2019,S12,Seagrass_12,T3,17,5.491
5/22/2019,S12,Seagrass_12,T3,18,8.056
5/22/2019,S12,Seagrass_12,T3,19,9.062
5/22/2019,S12,Seagrass_12,T3,20,7.792
5/22/2019,S12,Seagrass_12,T3,21,8.074
5/22/2019,S12,Seagrass_12,T3,22,11.397
5/22/2019,S12,Seagrass_12,T3,23,7.597
5/22/2019,S12,Seagrass_12,T3,24,8.914
5/22/2019,S12,Seagrass_12,T3,25,6.148
5/22/2019,S12,Seagrass_12,T3,26,7.236
5/22/2019,S12,Seagrass_12,T3,27,13.074
5/22/2019,S12,Seagrass_12,T3,28,5.886
5/22/2019,S12,Seagrass_12,T3,29,7.655
5/22/2019,S12,Seagrass_12,T3,30,6.846
5/22/2019,S12,Seagrass_12,T3,31,5.718
5/22/2019,S12,Seagrass_12,T3,32,8.866
5/22/2019,S12,Seagrass_12,T3,33,7.357
5/22/2019,S12,Seagrass_12,T3,34,7.693
5/22/2019,S12,Seagrass_12,T3,35,8.122
5/22/2019,S12,Seagrass_12,T3,36,7.925
5/22/2019,S12,Seagrass_12,T3,37,8.205
5/22/2019,S12,Seagrass_12,T3,38,9.36
5/22/2019,S12,Seagrass_12,T3,39,10.557
5/22/2019,S12,Seagrass_12,T3,40,8.567
5/22/2019,S12,Seagrass_12,T3,41,6.706
5/22/2019,S12,Seagrass_12,T3,42,6.995
5/22/2019,S12,Seagrass_12,T3,43,8.128
5/22/2019,S12,Seagrass_12,T3,44,7.93
5/22/2019,S12,Seagrass_12,T3,45,5.059
5/22/2019,S12,Seagrass_12,T3,46,5.698
5/22/2019,S12,Seagrass_12,T3,47,5.289
5/22/2019,S12,Seagrass_12,T3,48,5.528
5/22/2019,S12,Seagrass_12,T3,49,6.233
5/22/2019,S12,Seagrass_12,T3,50,6.66
5/22/2019,S12,Seagrass_12,T3,51,5.507
6/13/2019,S2,Seagrass_2,T1,1,20.096
6/13/2019,S2,Seagrass_2,T1,2,13.923
6/13/2019,S2,Seagrass_2,T1,3,14.326
6/13/2019,S2,Seagrass_2,T1,4,13.017
6/13/2019,S2,Seagrass_2,T1,5,13.186
6/13/2019,S2,Seagrass_2,T1,6,11.952
6/13/2019,S2,Seagrass_2,T1,7,10.674
6/13/2019,S2,Seagrass_2,T1,8,15.466
6/13/2019,S2,Seagrass_2,T1,9,16.231
6/13/2019,S2,Seagrass_2,T1,10,24.745
6/13/2019,S2,Seagrass_2,T1,11,15.99
6/13/2019,S2,Seagrass_2,T1,12,20.204
6/13/2019,S2,Seagrass_2,T1,13,23.449
6/13/2019,S2,Seagrass_2,T1,14,25.92
6/13/2019,S2,Seagrass_2,T1,15,12.541
6/13/2019,S2,Seagrass_2,T1,16,31.313
6/13/2019,S2,Seagrass_2,T1,17,8.436
6/13/2019,S2,Seagrass_2,T1,18,10.609
6/13/2019,S2,Seagrass_2,T1,19,14.411
6/13/2019,S2,Seagrass_2,T1,20,10.406
6/13/2019,S2,Seagrass_2,T1,21,17.778
6/13/2019,S2,Seagrass_2,T1,22,14.054
6/13/2019,S2,Seagrass_2,T1,23,16.123
6/13/2019,S2,Seagrass_2,T1,24,14.729
6/13/2019,S2,Seagrass_2,T1,25,7.083
6/13/2019,S2,Seagrass_2,T1,26,11.072
6/13/2019,S2,Seagrass_2,T1,27,18.2
6/13/2019,S2,Seagrass_2,T1,28,8.067
6/13/2019,S2,Seagrass_2,T1,29,11.756
6/13/2019,S2,Seagrass_2,T1,30,8.949
6/13/2019,S2,Seagrass_2,T1,31,14.739
6/13/2019,S2,Seagrass_2,T1,32,11.215
6/13/2019,S2,Seagrass_2,T1,33,6.042
6/13/2019,S2,Seagrass_2,T1,34,12.436
6/13/2019,S2,Seagrass_2,T1,35,16.12
6/13/2019,S2,Seagrass_2,T1,36,19.499
6/13/2019,S2,Seagrass_2,T1,37,18.02
6/13/2019,S2,Seagrass_2,T1,38,9.904
6/13/2019,S2,Seagrass_2,T1,39,16.426
6/13/2019,S2,Seagrass_2,T2,1,8.927
6/13/2019,S2,Seagrass_2,T2,2,18.558
6/13/2019,S2,Seagrass_2,T2,3,19.795
6/13/2019,S2,Seagrass_2,T2,4,16.654
6/13/2019,S2,Seagrass_2,T2,5,19.239
6/13/2019,S2,Seagrass_2,T2,6,13.774
6/13/2019,S2,Seagrass_2,T2,7,16.919
6/13/2019,S2,Seagrass_2,T2,8,23.023
6/13/2019,S2,Seagrass_2,T2,9,34.868
6/13/2019,S2,Seagrass_2,T2,10,34.143
6/13/2019,S2,Seagrass_2,T2,11,19.049
6/13/2019,S2,Seagrass_2,T2,12,12.049
6/13/2019,S2,Seagrass_2,T2,13,12.208
6/13/2019,S2,Seagrass_2,T2,14,9.855
6/13/2019,S2,Seagrass_2,T2,15,15.945
6/13/2019,S2,Seagrass_2,T2,16,10.965
6/13/2019,S2,Seagrass_2,T2,17,15.16
6/13/2019,S2,Seagrass_2,T2,18,18.497
6/13/2019,S2,Seagrass_2,T2,19,25.648
6/13/2019,S2,Seagrass_2,T2,20,20.96
6/13/2019,S2,Seagrass_2,T2,21,22.291
6/13/2019,S2,Seagrass_2,T2,22,15.737
6/13/2019,S2,Seagrass_2,T2,23,14.026
6/13/2019,S2,Seagrass_2,T2,24,21.69
6/13/2019,S2,Seagrass_2,T2,25,19.078
6/13/2019,S2,Seagrass_2,T2,26,9.611
6/13/2019,S2,Seagrass_2,T2,27,11.727
6/13/2019,S2,Seagrass_2,T2,28,7.767
6/13/2019,S2,Seagrass_2,T2,29,11.014
6/13/2019,S2,Seagrass_2,T2,30,16.439
6/13/2019,S2,Seagrass_2,T2,31,14.769
6/13/2019,S2,Seagrass_2,T2,32,15.2
6/13/2019,S2,Seagrass_2,T2,33,17.828
6/13/2019,S2,Seagrass_2,T2,34,18.192
6/13/2019,S2,Seagrass_2,T2,35,14.496
6/13/2019,S2,Seagrass_2,T2,36,13.476
6/13/2019,S2,Seagrass_2,T2,37,16.773
6/13/2019,S2,Seagrass_2,T2,38,18.919
6/13/2019,S2,Seagrass_2,T2,39,14.586
6/13/2019,S2,Seagrass_2,T2,40,12.702
6/13/2019,S2,Seagrass_2,T3,1,10.843
6/13/2019,S2,Seagrass_2,T3,2,12.374
6/13/2019,S2,Seagrass_2,T3,3,20.278
6/13/2019,S2,Seagrass_2,T3,4,7.089
6/13/2019,S2,Seagrass_2,T3,5,9.666
6/13/2019,S2,Seagrass_2,T3,6,15.55
6/13/2019,S2,Seagrass_2,T3,7,15.766
6/13/2019,S2,Seagrass_2,T3,8,16.334
6/13/2019,S2,Seagrass_2,T3,9,22.155
6/13/2019,S2,Seagrass_2,T3,10,11.294
6/13/2019,S2,Seagrass_2,T3,11,27.749
6/13/2019,S2,Seagrass_2,T3,12,10.709
6/13/2019,S2,Seagrass_2,T3,13,14.518
6/13/2019,S2,Seagrass_2,T3,14,14.518
6/13/2019,S2,Seagrass_2,T3,15,9.697
6/13/2019,S2,Seagrass_2,T3,16,11.541
6/13/2019,S2,Seagrass_2,T3,17,15.203
6/13/2019,S2,Seagrass_2,T3,18,24.196
6/13/2019,S2,Seagrass_2,T3,19,11.45
6/13/2019,S2,Seagrass_2,T3,20,13.373
6/13/2019,S2,Seagrass_2,T3,21,13.54
6/13/2019,S2,Seagrass_2,T3,22,10.379
6/13/2019,S2,Seagrass_2,T3,23,14.346
6/13/2019,S2,Seagrass_2,T3,24,10.372
6/13/2019,S2,Seagrass_2,T3,25,11.202
6/13/2019,S2,Seagrass_2,T3,26,9.522
6/13/2019,S2,Seagrass_2,T3,27,9.13
6/13/2019,S2,Seagrass_2,T3,28,7.675
6/13/2019,S2,Seagrass_2,T3,29,8.658
6/13/2019,S2,Seagrass_2,T3,30,5.476
6/13/2019,S2,Seagrass_2,T3,31,9.858
6/13/2019,S2,Seagrass_2,T3,32,9.513
6/13/2019,S4,Seagrass_4,T1,1,7.236
6/13/2019,S4,Seagrass_4,T1,2,8.322
6/13/2019,S4,Seagrass_4,T1,3,17.664
6/13/2019,S4,Seagrass_4,T1,4,12.103
6/13/2019,S4,Seagrass_4,T1,5,6.905
6/13/2019,S4,Seagrass_4,T1,6,14.57
6/13/2019,S4,Seagrass_4,T1,7,15.216
6/13/2019,S4,Seagrass_4,T1,8,18.197
6/13/2019,S4,Seagrass_4,T1,9,6.245
6/13/2019,S4,Seagrass_4,T1,10,5.751
6/13/2019,S4,Seagrass_4,T1,11,6.835
6/13/2019,S4,Seagrass_4,T1,12,16.908
6/13/2019,S4,Seagrass_4,T1,13,14.298
6/13/2019,S4,Seagrass_4,T1,14,7.334
6/13/2019,S4,Seagrass_4,T1,15,11.258
6/13/2019,S4,Seagrass_4,T1,16,14.825
6/13/2019,S4,Seagrass_4,T1,17,14.825
6/13/2019,S4,Seagrass_4,T1,18,20.385
6/13/2019,S4,Seagrass_4,T1,19,8.681
6/13/2019,S4,Seagrass_4,T1,20,6.316
6/13/2019,S4,Seagrass_4,T1,21,15.731
6/13/2019,S4,Seagrass_4,T1,22,14.067
6/13/2019,S4,Seagrass_4,T1,23,5.805
6/13/2019,S4,Seagrass_4,T1,24,4.706
6/13/2019,S4,Seagrass_4,T1,25,8.322
6/13/2019,S4,Seagrass_4,T1,26,7.45
6/13/2019,S4,Seagrass_4,T1,27,14.513
6/13/2019,S4,Seagrass_4,T1,28,9.82
6/13/2019,S4,Seagrass_4,T1,29,11.069
6/13/2019,S4,Seagrass_4,T1,30,10.159
6/13/2019,S4,Seagrass_4,T1,31,4.832
6/13/2019,S4,Seagrass_4,T1,32,11.63
6/13/2019,S4,Seagrass_4,T2,1,10.248
6/13/2019,S4,Seagrass_4,T2,2,16.544
6/13/2019,S4,Seagrass_4,T2,3,10.71
6/13/2019,S4,Seagrass_4,T2,4,11.989
6/13/2019,S4,Seagrass_4,T2,5,11.882
6/13/2019,S4,Seagrass_4,T2,6,13.97
6/13/2019,S4,Seagrass_4,T2,7,9.496
6/13/2019,S4,Seagrass_4,T2,8,15.52
6/13/2019,S4,Seagrass_4,T2,9,13.097
6/13/2019,S4,Seagrass_4,T2,10,7.255
6/13/2019,S4,Seagrass_4,T2,11,11.641
6/13/2019,S4,Seagrass_4,T2,12,15.018
6/13/2019,S4,Seagrass_4,T2,13,14.919
6/13/2019,S4,Seagrass_4,T2,14,13.605
6/13/2019,S4,Seagrass_4,T2,15,14.497
6/13/2019,S4,Seagrass_4,T2,16,10.083
6/13/2019,S4,Seagrass_4,T2,17,13.696
6/13/2019,S4,Seagrass_4,T2,18,14.533
6/13/2019,S4,Seagrass_4,T2,19,10.835
6/13/2019,S4,Seagrass_4,T2,20,14.889
6/13/2019,S4,Seagrass_4,T2,21,15.806
6/13/2019,S4,Seagrass_4,T2,22,9.233
6/13/2019,S4,Seagrass_4,T2,23,4.608
6/13/2019,S4,Seagrass_4,T2,24,11.08
6/13/2019,S4,Seagrass_4,T2,25,3.386
6/13/2019,S4,Seagrass_4,T2,26,9.706
6/13/2019,S4,Seagrass_4,T2,27,11.95
6/13/2019,S4,Seagrass_4,T2,28,13.255
6/13/2019,S4,Seagrass_4,T2,29,5.997
6/13/2019,S4,Seagrass_4,T2,30,7.322
6/13/2019,S4,Seagrass_4,T2,31,8.739
6/13/2019,S4,Seagrass_4,T2,32,6.081
6/13/2019,S4,Seagrass_4,T2,33,5.208
6/13/2019,S4,Seagrass_4,T2,34,10.83
6/13/2019,S4,Seagrass_4,T2,35,6.67
6/13/2019,S4,Seagrass_4,T2,36,4.828
6/13/2019,S4,Seagrass_4,T2,37,4.1
6/13/2019,S4,Seagrass_4,T2,38,6.44
6/13/2019,S4,Seagrass_4,T3,1,17.045
6/13/2019,S4,Seagrass_4,T3,2,13.916
6/13/2019,S4,Seagrass_4,T3,3,12.904
6/13/2019,S4,Seagrass_4,T3,4,9.481
6/13/2019,S4,Seagrass_4,T3,5,8.535
6/13/2019,S4,Seagrass_4,T3,6,13.446
6/13/2019,S4,Seagrass_4,T3,7,19.685
6/13/2019,S4,Seagrass_4,T3,8,6.706
6/13/2019,S4,Seagrass_4,T3,9,8.222
6/13/2019,S4,Seagrass_4,T3,10,12.859
6/13/2019,S4,Seagrass_4,T3,11,9.814
6/13/2019,S4,Seagrass_4,T3,12,11.769
6/13/2019,S4,Seagrass_4,T3,13,6.497
6/13/2019,S4,Seagrass_4,T3,14,9.329
6/13/2019,S4,Seagrass_4,T3,15,9.405
6/13/2019,S4,Seagrass_4,T3,16,10.313
6/13/2019,S4,Seagrass_4,T3,17,9.438
6/13/2019,S4,Seagrass_4,T3,18,9.853
6/13/2019,S4,Seagrass_4,T3,19,8.574
6/13/2019,S4,Seagrass_4,T3,20,11.436
6/28/2019,SB,Seagrass_B,T1,1,10.115
6/28/2019,SB,Seagrass_B,T1,2,20.607
6/28/2019,SB,Seagrass_B,T1,3,15.71
6/28/2019,SB,Seagrass_B,T1,4,17.006
6/28/2019,SB,Seagrass_B,T1,5,10.564
6/28/2019,SB,Seagrass_B,T1,6,15.923
6/28/2019,SB,Seagrass_B,T1,7,20.032
6/28/2019,SB,Seagrass_B,T1,8,10.119
6/28/2019,SB,Seagrass_B,T1,9,10.923
6/28/2019,SB,Seagrass_B,T1,10,8.782
6/28/2019,SB,Seagrass_B,T1,11,23.94
6/28/2019,SB,Seagrass_B,T1,12,18.702
6/28/2019,SB,Seagrass_B,T1,13,13.238
6/28/2019,SB,Seagrass_B,T1,14,13.91
6/28/2019,SB,Seagrass_B,T1,15,15.199
6/28/2019,SB,Seagrass_B,T1,16,14.233
6/28/2019,SB,Seagrass_B,T1,17,13.046
6/28/2019,SB,Seagrass_B,T1,18,6.198
6/28/2019,SB,Seagrass_B,T1,19,25.978
6/28/2019,SB,Seagrass_B,T1,20,28.082
6/28/2019,SB,Seagrass_B,T1,21,10.12
6/28/2019,SB,Seagrass_B,T1,22,15.674
6/28/2019,SB,Seagrass_B,T1,23,17.996
6/28/2019,SB,Seagrass_B,T1,24,14.57
6/28/2019,SB,Seagrass_B,T1,25,15.904
6/28/2019,SB,Seagrass_B,T1,26,13.672
6/28/2019,SB,Seagrass_B,T1,27,11.183
6/28/2019,SB,Seagrass_B,T1,28,11.973
6/28/2019,SB,Seagrass_B,T1,29,9.166
6/28/2019,SB,Seagrass_B,T1,30,6.671
6/28/2019,SB,Seagrass_B,T1,31,10.776
6/28/2019,SB,Seagrass_B,T1,32,12.908
6/28/2019,SB,Seagrass_B,T1,33,28.934
6/28/2019,SB,Seagrass_B,T1,34,8.953
6/28/2019,SB,Seagrass_B,T1,35,11.597
6/28/2019,SB,Seagrass_B,T1,36,7.391
6/28/2019,SB,Seagrass_B,T1,37,9.08
6/28/2019,SB,Seagrass_B,T1,38,17.323
6/28/2019,SB,Seagrass_B,T1,39,5.719
6/28/2019,SB,Seagrass_B,T1,40,8.854
6/28/2019,SB,Seagrass_B,T1,41,20.805
6/28/2019,SB,Seagrass_B,T1,42,9.022
6/28/2019,SB,Seagrass_B,T1,43,12.865
6/28/2019,SB,Seagrass_B,T1,44,10.943
6/28/2019,SB,Seagrass_B,T1,45,17.542
6/28/2019,SB,Seagrass_B,T1,46,10.679
6/28/2019,SB,Seagrass_B,T1,47,6.234
6/28/2019,SB,Seagrass_B,T1,48,17.968
6/28/2019,SB,Seagrass_B,T1,49,12.414
6/28/2019,SB,Seagrass_B,T1,50,14.63
6/28/2019,SB,Seagrass_B,T1,51,15.076
6/28/2019,SB,Seagrass_B,T1,52,20.017
6/28/2019,SB,Seagrass_B,T1,53,17.688
6/28/2019,SB,Seagrass_B,T1,54,13.881
6/28/2019,SB,Seagrass_B,T1,55,5.307
6/28/2019,SB,Seagrass_B,T1,56,7.814
6/28/2019,SB,Seagrass_B,T1,57,15.657
6/28/2019,SB,Seagrass_B,T1,58,13.407
6/28/2019,SB,Seagrass_B,T1,59,8.716
6/28/2019,SB,Seagrass_B,T1,60,7.165
6/28/2019,SB,Seagrass_B,T1,61,14.117
6/28/2019,SB,Seagrass_B,T2,1,13.846
6/28/2019,SB,Seagrass_B,T2,2,7.393
6/28/2019,SB,Seagrass_B,T2,3,18.178
6/28/2019,SB,Seagrass_B,T2,4,16.243
6/28/2019,SB,Seagrass_B,T2,5,18.301
6/28/2019,SB,Seagrass_B,T2,6,20.326
6/28/2019,SB,Seagrass_B,T2,7,18.869
6/28/2019,SB,Seagrass_B,T2,8,18.785
6/28/2019,SB,Seagrass_B,T2,9,13.775
6/28/2019,SB,Seagrass_B,T2,10,10.458
6/28/2019,SB,Seagrass_B,T2,11,14.955
6/28/2019,SB,Seagrass_B,T2,12,13.825
6/28/2019,SB,Seagrass_B,T2,13,13.463
6/28/2019,SB,Seagrass_B,T2,14,9.796
6/28/2019,SB,Seagrass_B,T2,15,8.289
6/28/2019,SB,Seagrass_B,T2,16,7.037
6/28/2019,SB,Seagrass_B,T2,17,19.17
6/28/2019,SB,Seagrass_B,T2,18,23.355
6/28/2019,SB,Seagrass_B,T2,19,14.762
6/28/2019,SB,Seagrass_B,T2,20,12.346
6/28/2019,SB,Seagrass_B,T2,21,19.804
6/28/2019,SB,Seagrass_B,T2,22,10.729
6/28/2019,SB,Seagrass_B,T2,23,20.907
6/28/2019,SB,Seagrass_B,T2,24,19.275
6/28/2019,SB,Seagrass_B,T2,25,10.071
6/28/2019,SB,Seagrass_B,T2,26,11.807
6/28/2019,SB,Seagrass_B,T2,27,15.216
6/28/2019,SB,Seagrass_B,T2,28,16.003
6/28/2019,SB,Seagrass_B,T2,29,12.299
6/28/2019,SB,Seagrass_B,T2,30,28.08
6/28/2019,SB,Seagrass_B,T2,31,24.568
6/28/2019,SB,Seagrass_B,T2,32,5.99
6/28/2019,SB,Seagrass_B,T2,33,13.141
6/28/2019,SB,Seagrass_B,T2,34,9.337
6/28/2019,SB,Seagrass_B,T2,35,8.568
6/28/2019,SB,Seagrass_B,T2,36,5.699
6/28/2019,SB,Seagrass_B,T2,37,9.315
6/28/2019,SB,Seagrass_B,T2,38,11.36
6/28/2019,SB,Seagrass_B,T2,39,10.505
6/28/2019,SB,Seagrass_B,T2,40,14.045
6/28/2019,SB,Seagrass_B,T2,41,16.909
6/28/2019,SB,Seagrass_B,T2,42,11.138
6/28/2019,SB,Seagrass_B,T2,43,18.8
6/28/2019,SB,Seagrass_B,T2,44,17.328
6/28/2019,SB,Seagrass_B,T2,45,11.836
6/28/2019,SB,Seagrass_B,T2,46,10.386
6/28/2019,SB,Seagrass_B,T2,47,8.171
6/28/2019,SB,Seagrass_B,T2,48,14.376
6/28/2019,SB,Seagrass_B,T2,49,14.123
6/28/2019,SB,Seagrass_B,T2,50,12.877
6/28/2019,SB,Seagrass_B,T2,51,12.978
6/28/2019,SB,Seagrass_B,T2,52,13.956
6/28/2019,SB,Seagrass_B,T2,53,8.47
6/28/2019,SB,Seagrass_B,T2,54,14.967
6/28/2019,SB,Seagrass_B,T2,55,14.265
6/28/2019,SB,Seagrass_B,T2,56,14.402
6/28/2019,SB,Seagrass_B,T2,57,14.787
6/28/2019,SB,Seagrass_B,T2,58,13.276
6/28/2019,SB,Seagrass_B,T2,59,15.981
6/28/2019,SB,Seagrass_B,T2,60,14.345
6/28/2019,SB,Seagrass_B,T2,61,12.123
6/28/2019,SB,Seagrass_B,T3,1,9.174
6/28/2019,SB,Seagrass_B,T3,2,17.011
6/28/2019,SB,Seagrass_B,T3,3,10.085
6/28/2019,SB,Seagrass_B,T3,4,10.604
6/28/2019,SB,Seagrass_B,T3,5,7.501
6/28/2019,SB,Seagrass_B,T3,6,13.077
6/28/2019,SB,Seagrass_B,T3,7,8.919
6/28/2019,SB,Seagrass_B,T3,8,4.826
6/28/2019,SB,Seagrass_B,T3,9,11.235
6/28/2019,SB,Seagrass_B,T3,10,7.448
6/28/2019,SB,Seagrass_B,T3,11,10.353
6/28/2019,SB,Seagrass_B,T3,12,7.319
6/28/2019,SB,Seagrass_B,T3,13,7.26
6/28/2019,SB,Seagrass_B,T3,14,9.787
6/28/2019,SB,Seagrass_B,T3,15,11.517
6/28/2019,SB,Seagrass_B,T3,16,10.519
6/28/2019,SB,Seagrass_B,T3,17,6.221
6/28/2019,SB,Seagrass_B,T3,18,9.405
6/28/2019,SB,Seagrass_B,T3,19,11.425
6/28/2019,SB,Seagrass_B,T3,20,8.099
6/28/2019,SB,Seagrass_B,T3,21,7.446
6/28/2019,SB,Seagrass_B,T3,22,14.885
6/28/2019,SB,Seagrass_B,T3,23,14.436
6/28/2019,SB,Seagrass_B,T3,24,18.842
6/28/2019,SB,Seagrass_B,T3,25,15.548
6/28/2019,SB,Seagrass_B,T3,26,14.818
6/28/2019,SB,Seagrass_B,T3,27,8.339
6/28/2019,SB,Seagrass_B,T3,28,12.548
6/28/2019,SB,Seagrass_B,T3,29,10.811
6/28/2019,SB,Seagrass_B,T3,30,8.178
6/28/2019,SB,Seagrass_B,T3,31,5.037
6/28/2019,SB,Seagrass_B,T3,32,17.168
6/28/2019,SB,Seagrass_B,T3,33,10.736
6/28/2019,SB,Seagrass_B,T3,34,6.915
6/28/2019,SB,Seagrass_B,T3,35,6.807
6/28/2019,SB,Seagrass_B,T3,36,11.868
6/28/2019,SB,Seagrass_B,T3,37,6.756
6/28/2019,SB,Seagrass_B,T3,38,4.467
6/28/2019,SB,Seagrass_B,T3,39,5.944
6/28/2019,SB,Seagrass_B,T3,40,16.531
6/28/2019,SB,Seagrass_B,T3,41,18.807
6/28/2019,SB,Seagrass_B,T3,42,16.363
6/28/2019,SB,Seagrass_B,T3,43,11.709
6/28/2019,SB,Seagrass_B,T3,44,9.54
6/28/2019,SB,Seagrass_B,T3,45,8.814
6/28/2019,SB,Seagrass_B,T3,46,14.589
6/28/2019,SB,Seagrass_B,T3,47,10.033
6/28/2019,SB,Seagrass_B,T3,48,11.269
6/28/2019,SB,Seagrass_B,T3,49,4.893
6/28/2019,SB,Seagrass_B,T3,50,4.619
6/28/2019,SB,Seagrass_B,T3,51,10.262
6/28/2019,SB,Seagrass_B,T3,52,7.548
6/28/2019,SB,Seagrass_B,T3,53,10.262
6/28/2019,SB,Seagrass_B,T3,54,12.741
6/28/2019,SB,Seagrass_B,T3,55,14.325
6/28/2019,SB,Seagrass_B,T3,56,11.175
6/28/2019,SB,Seagrass_B,T3,57,14.695
6/28/2019,SB,Seagrass_B,T3,58,6.848
6/28/2019,SB,Seagrass_B,T3,59,5.668
6/28/2019,SB,Seagrass_B,T3,60,9.049
6/28/2019,SB,Seagrass_B,T3,61,11.668
6/28/2019,SB,Seagrass_B,T3,62,9.4
6/28/2019,SB,Seagrass_B,T3,63,10.163
6/28/2019,SB,Seagrass_B,T3,64,8.602
6/28/2019,SB,Seagrass_B,T3,65,10.564
6/28/2019,SB,Seagrass_B,T3,66,16.52
6/28/2019,SB,Seagrass_B,T3,67,6.305
6/28/2019,SB,Seagrass_B,T3,68,4.758
6/28/2019,SC,Seagrass_C,T2,1,13.791
6/28/2019,SC,Seagrass_C,T2,2,12.576
6/28/2019,SC,Seagrass_C,T2,3,13.427
6/28/2019,SC,Seagrass_C,T2,4,16.995
6/28/2019,SC,Seagrass_C,T2,5,15.971
6/28/2019,SC,Seagrass_C,T2,6,23.819
6/28/2019,SC,Seagrass_C,T2,7,17.413
6/28/2019,SC,Seagrass_C,T2,8,15.506
6/28/2019,SC,Seagrass_C,T2,9,10.512
6/28/2019,SC,Seagrass_C,T2,10,25.149
6/28/2019,SC,Seagrass_C,T2,11,21.773
6/28/2019,SC,Seagrass_C,T2,12,14.718
6/28/2019,SC,Seagrass_C,T2,13,12.576
6/28/2019,SC,Seagrass_C,T2,14,10.239
6/28/2019,SC,Seagrass_C,T2,15,16.054
6/28/2019,SC,Seagrass_C,T2,16,14.567
6/28/2019,SC,Seagrass_C,T2,17,22.975
6/28/2019,SC,Seagrass_C,T2,18,10.496
6/28/2019,SC,Seagrass_C,T2,19,8.994
6/28/2019,SC,Seagrass_C,T2,20,23.614
6/28/2019,SC,Seagrass_C,T2,21,8.935
6/28/2019,SC,Seagrass_C,T2,22,11.044
6/28/2019,SC,Seagrass_C,T2,23,17.68
6/28/2019,SC,Seagrass_C,T2,24,10.974
6/28/2019,SC,Seagrass_C,T2,25,10.178
6/28/2019,SC,Seagrass_C,T2,26,16.819
6/28/2019,SC,Seagrass_C,T2,27,7.386
6/28/2019,SC,Seagrass_C,T2,28,10.903
6/28/2019,SC,Seagrass_C,T2,29,19.623
6/28/2019,SC,Seagrass_C,T2,30,8.74
6/28/2019,SC,Seagrass_C,T2,31,14.571
6/28/2019,SC,Seagrass_C,T2,32,11.25
6/28/2019,SC,Seagrass_C,T2,33,19.137
6/28/2019,SC,Seagrass_C,T2,34,16.545
6/28/2019,SC,Seagrass_C,T2,35,11.582
6/28/2019,SC,Seagrass_C,T2,36,17.907
6/28/2019,SC,Seagrass_C,T2,37,16.441
6/28/2019,SC,Seagrass_C,T2,38,10.443
6/28/2019,SC,Seagrass_C,T2,39,10.337
6/28/2019,SC,Seagrass_C,T2,40,9.9
6/28/2019,SC,Seagrass_C,T2,41,9.564
6/28/2019,SC,Seagrass_C,T2,42,8.909
6/28/2019,SC,Seagrass_C,T2,43,10.734
6/28/2019,SC,Seagrass_C,T2,44,9.108
6/28/2019,SC,Seagrass_C,T2,45,15.698
6/28/2019,SC,Seagrass_C,T2,46,19.061
6/28/2019,SC,Seagrass_C,T2,47,11.4
6/28/2019,SC,Seagrass_C,T2,48,20.786
6/28/2019,SC,Seagrass_C,T2,49,17.855
6/28/2019,SC,Seagrass_C,T2,50,15.74
6/28/2019,SC,Seagrass_C,T2,51,7.942
6/28/2019,SC,Seagrass_C,T2,52,21.037
6/28/2019,SC,Seagrass_C,T2,53,7.049
6/28/2019,SC,Seagrass_C,T2,54,18.335
6/28/2019,SC,Seagrass_C,T2,55,10.246
6/28/2019,SC,Seagrass_C,T2,56,15.194
6/28/2019,SC,Seagrass_C,T2,57,6.566
6/28/2019,SC,Seagrass_C,T2,58,14.502
6/28/2019,SC,Seagrass_C,T2,59,13.995
6/28/2019,SC,Seagrass_C,T3,1,11.427
6/28/2019,SC,Seagrass_C,T3,2,13.857
6/28/2019,SC,Seagrass_C,T3,3,17.284
6/28/2019,SC,Seagrass_C,T3,4,14.295
6/28/2019,SC,Seagrass_C,T3,5,19.737
6/28/2019,SC,Seagrass_C,T3,6,15.695
6/28/2019,SC,Seagrass_C,T3,7,13.807
6/28/2019,SC,Seagrass_C,T3,8,23.993
6/28/2019,SC,Seagrass_C,T3,9,4.771
6/28/2019,SC,Seagrass_C,T3,10,17.408
6/28/2019,SC,Seagrass_C,T3,11,15.785
6/28/2019,SC,Seagrass_C,T3,12,13.904
6/28/2019,SC,Seagrass_C,T3,13,9.344
6/28/2019,SC,Seagrass_C,T3,14,3.432
6/28/2019,SC,Seagrass_C,T3,15,13.719
6/28/2019,SC,Seagrass_C,T3,16,27.801
6/28/2019,SC,Seagrass_C,T3,17,8.477
6/28/2019,SC,Seagrass_C,T3,18,6.615
6/28/2019,SC,Seagrass_C,T3,19,24.076
6/28/2019,SC,Seagrass_C,T3,20,15.399
6/28/2019,SC,Seagrass_C,T3,21,15.015
6/28/2019,SC,Seagrass_C,T3,22,15.052
6/28/2019,SC,Seagrass_C,T3,23,23.871
6/28/2019,SC,Seagrass_C,T3,24,14.275
6/28/2019,SC,Seagrass_C,T3,25,21.33
6/28/2019,SC,Seagrass_C,T3,26,22.021
6/28/2019,SC,Seagrass_C,T3,27,10.237
6/28/2019,SC,Seagrass_C,T3,28,15.755
6/28/2019,SC,Seagrass_C,T3,29,8.51
6/28/2019,SC,Seagrass_C,T3,30,13.349
6/28/2019,SC,Seagrass_C,T3,31,13.359
6/28/2019,SC,Seagrass_C,T3,32,12.266
6/28/2019,SC,Seagrass_C,T3,33,15.275
6/28/2019,SC,Seagrass_C,T3,34,9.706
6/28/2019,SC,Seagrass_C,T3,35,11.234
6/28/2019,SC,Seagrass_C,T3,36,10.107
6/28/2019,SC,Seagrass_C,T3,37,6.894
6/28/2019,SC,Seagrass_C,T3,38,4.247
6/28/2019,SC,Seagrass_C,T3,39,6.056
6/28/2019,SC,Seagrass_C,T3,40,10.666
6/28/2019,SC,Seagrass_C,T3,41,9.547
6/28/2019,SC,Seagrass_C,T3,42,14.778
6/28/2019,SC,Seagrass_C,T3,43,17.13
6/28/2019,SC,Seagrass_C,T3,44,19.641
6/28/2019,SC,Seagrass_C,T3,45,18.675
6/28/2019,SC,Seagrass_C,T3,46,19.205
6/28/2019,SC,Seagrass_C,T3,47,12.329
6/28/2019,SC,Seagrass_C,T3,48,17.14
6/28/2019,SC,Seagrass_C,T3,49,8.843
6/28/2019,SC,Seagrass_C,T3,50,9.385
6/28/2019,SC,Seagrass_C,T1,1,21.235
6/28/2019,SC,Seagrass_C,T1,2,12.763
6/28/2019,SC,Seagrass_C,T1,3,15.116
6/28/2019,SC,Seagrass_C,T1,4,19.777
6/28/2019,SC,Seagrass_C,T1,5,13.75
6/28/2019,SC,Seagrass_C,T1,6,17.725
6/28/2019,SC,Seagrass_C,T1,7,10.43
6/28/2019,SC,Seagrass_C,T1,8,13.787
6/28/2019,SC,Seagrass_C,T1,9,9.853
6/28/2019,SC,Seagrass_C,T1,10,4.857
6/28/2019,SC,Seagrass_C,T1,11,11.325
6/28/2019,SC,Seagrass_C,T1,12,10.051
6/28/2019,SC,Seagrass_C,T1,13,7.202
6/28/2019,SC,Seagrass_C,T1,14,10.876
6/28/2019,SC,Seagrass_C,T1,15,15.239
6/28/2019,SC,Seagrass_C,T1,16,12.446
6/28/2019,SC,Seagrass_C,T1,17,0
6/28/2019,SC,Seagrass_C,T1,18,13.898
6/28/2019,SC,Seagrass_C,T1,19,11.967
6/28/2019,SC,Seagrass_C,T1,20,13.402
6/28/2019,SC,Seagrass_C,T1,21,14.597
6/28/2019,SC,Seagrass_C,T1,22,16.027
6/28/2019,SC,Seagrass_C,T1,23,19.574
6/28/2019,SC,Seagrass_C,T1,24,18.594
6/28/2019,SC,Seagrass_C,T1,25,13.661
6/28/2019,SC,Seagrass_C,T1,26,13.114
6/28/2019,SC,Seagrass_C,T1,27,10.044
6/28/2019,SC,Seagrass_C,T1,28,16.841
6/28/2019,SC,Seagrass_C,T1,29,25.47
6/28/2019,SC,Seagrass_C,T1,30,13.705
6/28/2019,SC,Seagrass_C,T1,31,8.919
6/28/2019,SC,Seagrass_C,T1,32,9.914
6/28/2019,SC,Seagrass_C,T1,33,13.51
6/28/2019,SC,Seagrass_C,T1,34,13.165
6/28/2019,SC,Seagrass_C,T1,35,17.519
6/28/2019,SC,Seagrass_C,T1,36,14.655
6/28/2019,SC,Seagrass_C,T1,37,9.299
6/28/2019,SC,Seagrass_C,T1,38,10.119
6/28/2019,SC,Seagrass_C,T1,39,12.27
6/28/2019,SC,Seagrass_C,T1,40,16.799
6/28/2019,SC,Seagrass_C,T1,41,21.885
6/28/2019,SC,Seagrass_C,T1,42,14.242
6/28/2019,SC,Seagrass_C,T1,43,15.484
6/28/2019,SC,Seagrass_C,T1,44,14.978
6/28/2019,SC,Seagrass_C,T1,45,11.818
6/28/2019,SC,Seagrass_C,T1,46,13.604
6/28/2019,SC,Seagrass_C,T1,47,11.149
6/28/2019,SC,Seagrass_C,T1,48,16.533
6/28/2019,SC,Seagrass_C,T1,49,12.022
6/28/2019,SC,Seagrass_C,T1,50,8.197
6/28/2019,SC,Seagrass_C,T1,51,12.509
6/28/2019,SC,Seagrass_C,T1,52,10.04
6/28/2019,SC,Seagrass_C,T1,53,13.982
6/28/2019,SC,Seagrass_C,T1,54,8.967
6/28/2019,SC,Seagrass_C,T1,55,13.168
6/28/2019,SC,Seagrass_C,T1,56,16.534
6/28/2019,SC,Seagrass_C,T1,57,15.181
6/28/2019,SC,Seagrass_C,T1,58,10.607
6/28/2019,SC,Seagrass_C,T1,59,11.612
6/28/2019,SC,Seagrass_C,T1,60,6.992
7/15/2019,S6,Seagrass_6,T1,1,21.275
7/15/2019,S6,Seagrass_6,T1,2,22.382
7/15/2019,S6,Seagrass_6,T1,3,25.093
7/15/2019,S6,Seagrass_6,T1,4,10.904
7/15/2019,S6,Seagrass_6,T1,5,25.315
7/15/2019,S6,Seagrass_6,T1,6,8.458
7/15/2019,S6,Seagrass_6,T1,7,25.582
7/15/2019,S6,Seagrass_6,T1,8,18.999
7/15/2019,S6,Seagrass_6,T1,9,16.801
7/15/2019,S6,Seagrass_6,T1,10,17.884
7/15/2019,S6,Seagrass_6,T1,11,20.398
7/15/2019,S6,Seagrass_6,T1,12,21.138
7/15/2019,S6,Seagrass_6,T1,13,14.516
7/15/2019,S6,Seagrass_6,T1,14,19.206
7/15/2019,S6,Seagrass_6,T1,15,25.069
7/15/2019,S6,Seagrass_6,T1,16,15.792
7/15/2019,S6,Seagrass_6,T1,17,19.952
7/15/2019,S6,Seagrass_6,T1,18,16.054
7/15/2019,S6,Seagrass_6,T1,19,23.258
7/15/2019,S6,Seagrass_6,T1,20,19.656
7/15/2019,S6,Seagrass_6,T1,21,19.336
7/15/2019,S6,Seagrass_6,T1,22,23.371
7/15/2019,S6,Seagrass_6,T1,23,24.042
7/15/2019,S6,Seagrass_6,T1,24,18.017
7/15/2019,S6,Seagrass_6,T1,25,22.736
7/15/2019,S6,Seagrass_6,T1,26,20.757
7/15/2019,S6,Seagrass_6,T1,27,14.437
7/15/2019,S6,Seagrass_6,T1,28,23.544
7/15/2019,S6,Seagrass_6,T1,29,18.399
7/15/2019,S6,Seagrass_6,T1,30,15.76
7/15/2019,S6,Seagrass_6,T1,31,17.687
7/15/2019,S6,Seagrass_6,T1,32,9.975
7/15/2019,S6,Seagrass_6,T1,33,20.568
7/15/2019,S6,Seagrass_6,T1,34,20.568
7/15/2019,S6,Seagrass_6,T1,35,9.942
7/15/2019,S6,Seagrass_6,T1,36,21.965
7/15/2019,S6,Seagrass_6,T1,37,17.816
7/15/2019,S6,Seagrass_6,T1,38,17.132
7/15/2019,S6,Seagrass_6,T1,39,26.321
7/15/2019,S6,Seagrass_6,T1,40,25.654
7/15/2019,S6,Seagrass_6,T1,41,23.424
7/15/2019,S6,Seagrass_6,T1,42,21.292
7/15/2019,S6,Seagrass_6,T1,43,20.828
7/15/2019,S6,Seagrass_6,T2,1,13.661
7/15/2019,S6,Seagrass_6,T2,2,17.007
7/15/2019,S6,Seagrass_6,T2,3,25.721
7/15/2019,S6,Seagrass_6,T2,4,16.964
7/15/2019,S6,Seagrass_6,T2,5,18.564
7/15/2019,S6,Seagrass_6,T2,6,16.885
7/15/2019,S6,Seagrass_6,T2,7,20.86
7/15/2019,S6,Seagrass_6,T2,8,20.448
7/15/2019,S6,Seagrass_6,T2,9,16.137
7/15/2019,S6,Seagrass_6,T2,10,28.607
7/15/2019,S6,Seagrass_6,T2,11,10.471
7/15/2019,S6,Seagrass_6,T2,12,19.938
7/15/2019,S6,Seagrass_6,T2,13,27.892
7/15/2019,S6,Seagrass_6,T2,14,17.32
7/15/2019,S6,Seagrass_6,T2,15,18.32
7/15/2019,S6,Seagrass_6,T2,16,26.34
7/15/2019,S6,Seagrass_6,T2,17,28.021
7/15/2019,S6,Seagrass_6,T2,18,18.421
7/15/2019,S6,Seagrass_6,T2,19,13.516
7/15/2019,S6,Seagrass_6,T2,20,23.863
7/15/2019,S6,Seagrass_6,T2,21,23.209
7/15/2019,S6,Seagrass_6,T2,22,21.825
7/15/2019,S6,Seagrass_6,T2,23,18.166
7/15/2019,S6,Seagrass_6,T2,24,21.129
7/15/2019,S6,Seagrass_6,T2,25,17.308
7/15/2019,S6,Seagrass_6,T2,26,25.879
7/15/2019,S6,Seagrass_6,T2,27,16.929
7/15/2019,S6,Seagrass_6,T2,28,23.013
7/15/2019,S6,Seagrass_6,T2,29,23.196
7/15/2019,S6,Seagrass_6,T2,30,17.806
7/15/2019,S6,Seagrass_6,T2,31,20.498
7/15/2019,S6,Seagrass_6,T2,32,24.529
7/15/2019,S6,Seagrass_6,T2,33,17.482
7/15/2019,S6,Seagrass_6,T2,34,23.05
7/15/2019,S6,Seagrass_6,T2,35,18.571
7/15/2019,S6,Seagrass_6,T2,36,16.427
7/15/2019,S6,Seagrass_6,T2,37,23.025
7/15/2019,S6,Seagrass_6,T2,38,18.515
7/15/2019,S6,Seagrass_6,T2,39,24.005
7/15/2019,S6,Seagrass_6,T2,40,19.373
7/15/2019,S6,Seagrass_6,T2,41,22.347
7/15/2019,S6,Seagrass_6,T2,42,26.204
7/15/2019,S6,Seagrass_6,T2,43,25.936
7/15/2019,S6,Seagrass_6,T2,44,26.717
7/15/2019,S6,Seagrass_6,T2,45,10.916
7/15/2019,S6,Seagrass_6,T2,46,28.849
7/15/2019,S6,Seagrass_6,T2,47,25.896
7/15/2019,S6,Seagrass_6,T2,48,19.314
7/15/2019,S6,Seagrass_6,T2,49,20.827
7/15/2019,S6,Seagrass_6,T2,50,24.792
7/15/2019,S6,Seagrass_6,T3,1,20.792
7/15/2019,S6,Seagrass_6,T3,2,27.015
7/15/2019,S6,Seagrass_6,T3,3,28.422
7/15/2019,S6,Seagrass_6,T3,4,26.608
7/15/2019,S6,Seagrass_6,T3,5,15.016
7/15/2019,S6,Seagrass_6,T3,6,20.062
7/15/2019,S6,Seagrass_6,T3,7,15.287
7/15/2019,S6,Seagrass_6,T3,8,30.727
7/15/2019,S6,Seagrass_6,T3,9,26.584
7/15/2019,S6,Seagrass_6,T3,10,27.476
7/15/2019,S6,Seagrass_6,T3,11,33.546
7/15/2019,S6,Seagrass_6,T3,12,24.39
7/15/2019,S6,Seagrass_6,T3,13,19.843
7/15/2019,S6,Seagrass_6,T3,14,24.428
7/15/2019,S6,Seagrass_6,T3,15,16.199
7/15/2019,S6,Seagrass_6,T3,16,29.548
7/15/2019,S6,Seagrass_6,T3,17,25.925
7/15/2019,S6,Seagrass_6,T3,18,29.501
7/15/2019,S6,Seagrass_6,T3,19,12.838
7/15/2019,S6,Seagrass_6,T3,20,17.61
7/15/2019,S6,Seagrass_6,T3,21,18.305
7/15/2019,S6,Seagrass_6,T3,22,18.519
7/15/2019,S6,Seagrass_6,T3,23,18.551
7/15/2019,S6,Seagrass_6,T3,24,22.519
7/15/2019,S6,Seagrass_6,T3,25,22.411
7/15/2019,S6,Seagrass_6,T3,26,13.186
7/15/2019,S6,Seagrass_6,T3,27,22.809
7/15/2019,S6,Seagrass_6,T3,28,25.912
7/15/2019,S6,Seagrass_6,T3,29,17.206
7/15/2019,S6,Seagrass_6,T3,30,16.205
7/15/2019,S6,Seagrass_6,T3,31,16.971
7/15/2019,S6,Seagrass_6,T3,32,7.263
7/15/2019,S6,Seagrass_6,T3,33,17.125
7/15/2019,S6,Seagrass_6,T3,34,14.149
7/15/2019,S6,Seagrass_6,T3,35,16.498
7/15/2019,S6,Seagrass_6,T3,36,16.078
7/15/2019,S6,Seagrass_6,T3,37,8.616
7/15/2019,S6,Seagrass_6,T3,38,6.418
7/15/2019,S6,Seagrass_6,T3,39,13.526
7/15/2019,S9,Seagrass_9,T1,1,13.014
7/15/2019,S9,Seagrass_9,T1,2,21.435
7/15/2019,S9,Seagrass_9,T1,3,22.849
7/15/2019,S9,Seagrass_9,T1,4,15.496
7/15/2019,S9,Seagrass_9,T1,5,25.978
7/15/2019,S9,Seagrass_9,T1,6,23.602
7/15/2019,S9,Seagrass_9,T1,7,17.626
7/15/2019,S9,Seagrass_9,T1,8,25.583
7/15/2019,S9,Seagrass_9,T1,9,18.348
7/15/2019,S9,Seagrass_9,T1,10,20.866
7/15/2019,S9,Seagrass_9,T1,11,18.496
7/15/2019,S9,Seagrass_9,T1,12,22.236
7/15/2019,S9,Seagrass_9,T1,13,18.709
7/15/2019,S9,Seagrass_9,T1,14,20.841
7/15/2019,S9,Seagrass_9,T1,15,20.682
7/15/2019,S9,Seagrass_9,T1,16,17.876
7/15/2019,S9,Seagrass_9,T1,17,24.542
7/15/2019,S9,Seagrass_9,T1,18,19.621
7/15/2019,S9,Seagrass_9,T1,19,23.262
7/15/2019,S9,Seagrass_9,T1,20,17.219
7/15/2019,S9,Seagrass_9,T1,21,19.79
7/15/2019,S9,Seagrass_9,T1,22,9.887
7/15/2019,S9,Seagrass_9,T1,23,19.032
7/15/2019,S9,Seagrass_9,T1,24,26.493
7/15/2019,S9,Seagrass_9,T2,1,21.222
7/15/2019,S9,Seagrass_9,T2,2,21.058
7/15/2019,S9,Seagrass_9,T2,3,16.586
7/15/2019,S9,Seagrass_9,T2,4,31.43
7/15/2019,S9,Seagrass_9,T2,5,17.127
7/15/2019,S9,Seagrass_9,T2,6,16.396
7/15/2019,S9,Seagrass_9,T2,7,33.33
7/15/2019,S9,Seagrass_9,T2,8,25.391
7/15/2019,S9,Seagrass_9,T2,9,20.89
7/15/2019,S9,Seagrass_9,T2,10,20.6
7/15/2019,S9,Seagrass_9,T2,11,27.48
7/15/2019,S9,Seagrass_9,T2,12,28.025
7/15/2019,S9,Seagrass_9,T2,13,25.86
7/15/2019,S9,Seagrass_9,T2,14,30.806
7/15/2019,S9,Seagrass_9,T2,15,25.825
7/15/2019,S9,Seagrass_9,T2,16,24.285
7/15/2019,S9,Seagrass_9,T2,17,26.499
7/15/2019,S9,Seagrass_9,T2,18,30.202
7/15/2019,S9,Seagrass_9,T2,19,34.533
7/15/2019,S9,Seagrass_9,T2,20,22.933
7/15/2019,S9,Seagrass_9,T3,1,12.302
7/15/2019,S9,Seagrass_9,T3,2,16.214
7/15/2019,S9,Seagrass_9,T3,3,21.476
7/15/2019,S9,Seagrass_9,T3,4,24.645
7/15/2019,S9,Seagrass_9,T3,5,20.548
7/15/2019,S9,Seagrass_9,T3,6,22.252
7/15/2019,S9,Seagrass_9,T3,7,23.661
7/15/2019,S9,Seagrass_9,T3,8,28.078
7/15/2019,S9,Seagrass_9,T3,9,25.002
7/15/2019,S9,Seagrass_9,T3,10,21.143
7/15/2019,S9,Seagrass_9,T3,11,21.604
7/15/2019,S9,Seagrass_9,T3,12,23.696
7/15/2019,S9,Seagrass_9,T3,13,20.748
7/15/2019,S9,Seagrass_9,T3,14,23.544
7/15/2019,S9,Seagrass_9,T3,15,20.636
7/15/2019,S9,Seagrass_9,T3,16,17.623
7/15/2019,S9,Seagrass_9,T3,17,23.261
7/15/2019,S9,Seagrass_9,T3,18,27.733
7/15/2019,S9,Seagrass_9,T3,19,25.23
7/15/2019,S9,Seagrass_9,T3,20,29.031
7/15/2019,S9,Seagrass_9,T3,21,27.831
7/15/2019,S9,Seagrass_9,T3,22,31.011
7/15/2019,S9,Seagrass_9,T3,23,28.709
7/15/2019,S9,Seagrass_9,T3,24,32.76
7/15/2019,S9,Seagrass_9,T3,25,26.268
7/15/2019,S9,Seagrass_9,T3,26,21.734
7/15/2019,S9,Seagrass_9,T3,27,22.376
7/15/2019,S9,Seagrass_9,T3,28,21.865
7/15/2019,S9,Seagrass_9,T3,29,33.811
7/15/2019,S9,Seagrass_9,T3,30,25.958
7/15/2019,S9,Seagrass_9,T3,31,14.407
7/15/2019,S9,Seagrass_9,T3,32,9.097
7/15/2019,S9,Seagrass_9,T3,33,8.334
8/2/2019,S14,Seagrass_14,T1,1,22.509
8/2/2019,S14,Seagrass_14,T1,2,24.809
8/2/2019,S14,Seagrass_14,T1,3,31.306
8/2/2019,S14,Seagrass_14,T1,4,27.17
8/2/2019,S14,Seagrass_14,T1,5,22.053
8/2/2019,S14,Seagrass_14,T1,6,29.807
8/2/2019,S14,Seagrass_14,T1,7,27.37
8/2/2019,S14,Seagrass_14,T1,8,24.094
8/2/2019,S14,Seagrass_14,T1,9,13.205
8/2/2019,S14,Seagrass_14,T1,10,21.005
8/2/2019,S14,Seagrass_14,T1,11,22.306
8/2/2019,S14,Seagrass_14,T1,12,24.512
8/2/2019,S14,Seagrass_14,T1,13,27.431
8/2/2019,S14,Seagrass_14,T1,14,23.509
8/2/2019,S14,Seagrass_14,T1,15,26.097
8/2/2019,S14,Seagrass_14,T1,16,27.226
8/2/2019,S14,Seagrass_14,T1,17,24.231
8/2/2019,S14,Seagrass_14,T1,18,27.233
8/2/2019,S14,Seagrass_14,T1,19,22.676
8/2/2019,S14,Seagrass_14,T1,20,28.729
8/2/2019,S14,Seagrass_14,T1,21,35.175
8/2/2019,S14,Seagrass_14,T1,22,26.742
8/2/2019,S14,Seagrass_14,T1,23,19.387
8/2/2019,S14,Seagrass_14,T1,24,22.597
8/2/2019,S14,Seagrass_14,T1,25,31.604
8/2/2019,S14,Seagrass_14,T1,26,27.308
8/2/2019,S14,Seagrass_14,T1,27,30.133
8/2/2019,S14,Seagrass_14,T1,28,25.129
8/2/2019,S14,Seagrass_14,T1,29,23.633
8/2/2019,S14,Seagrass_14,T1,30,19.857
8/2/2019,S14,Seagrass_14,T1,31,30.263
8/2/2019,S14,Seagrass_14,T1,32,30.117
8/2/2019,S14,Seagrass_14,T1,33,18.687
8/2/2019,S14,Seagrass_14,T1,34,30.435
8/2/2019,S14,Seagrass_14,T1,35,34.54
8/2/2019,S14,Seagrass_14,T2,1,18.483
8/2/2019,S14,Seagrass_14,T2,2,26.032
8/2/2019,S14,Seagrass_14,T2,3,29.799
8/2/2019,S14,Seagrass_14,T2,4,30.619
8/2/2019,S14,Seagrass_14,T2,5,15.173
8/2/2019,S14,Seagrass_14,T2,6,20.395
8/2/2019,S14,Seagrass_14,T2,7,26.953
8/2/2019,S14,Seagrass_14,T2,8,21.487
8/2/2019,S14,Seagrass_14,T2,9,19.681
8/2/2019,S14,Seagrass_14,T2,10,15.503
8/2/2019,S14,Seagrass_14,T2,11,24.124
8/2/2019,S14,Seagrass_14,T2,12,19.932
8/2/2019,S14,Seagrass_14,T2,13,24.948
8/2/2019,S14,Seagrass_14,T2,14,15.011
8/2/2019,S14,Seagrass_14,T2,15,23.425
8/2/2019,S14,Seagrass_14,T2,16,25.438
8/2/2019,S14,Seagrass_14,T2,17,19.002
8/2/2019,S14,Seagrass_14,T2,18,18.919
8/2/2019,S14,Seagrass_14,T2,19,16.1
8/2/2019,S14,Seagrass_14,T2,20,16.347
8/2/2019,S14,Seagrass_14,T2,21,11.31
8/2/2019,S14,Seagrass_14,T2,22,12.285
8/2/2019,S14,Seagrass_14,T2,23,20.857
8/2/2019,S14,Seagrass_14,T2,24,26.56
8/2/2019,S14,Seagrass_14,T2,25,22.087
8/2/2019,S14,Seagrass_14,T2,26,21.274
8/2/2019,S14,Seagrass_14,T2,27,25.14
8/2/2019,S14,Seagrass_14,T2,28,17.903
8/2/2019,S14,Seagrass_14,T2,29,17.757
8/2/2019,S14,Seagrass_14,T2,30,27.943
8/2/2019,S14,Seagrass_14,T2,31,29.744
8/2/2019,S14,Seagrass_14,T2,32,15.769
8/2/2019,S14,Seagrass_14,T2,33,14.657
8/2/2019,S14,Seagrass_14,T2,34,18.832
8/2/2019,S14,Seagrass_14,T2,35,24.258
8/2/2019,S14,Seagrass_14,T2,36,26.6
8/2/2019,S14,Seagrass_14,T2,37,19.158
8/2/2019,S14,Seagrass_14,T2,38,13.602
8/2/2019,S14,Seagrass_14,T2,39,24.354
8/2/2019,S14,Seagrass_14,T2,40,14.215
8/2/2019,S14,Seagrass_14,T2,41,16.193
8/2/2019,S14,Seagrass_14,T2,42,21.992
8/2/2019,S14,Seagrass_14,T2,43,18.999
8/2/2019,S14,Seagrass_14,T2,44,19.228
8/2/2019,S14,Seagrass_14,T2,45,22.657
8/2/2019,S14,Seagrass_14,T2,46,21.93
8/2/2019,S14,Seagrass_14,T2,47,14.385
8/2/2019,S14,Seagrass_14,T2,48,12.437
8/2/2019,S14,Seagrass_14,T2,49,13.718
8/2/2019,S14,Seagrass_14,T2,50,24.938
8/2/2019,S14,Seagrass_14,T3,1,18.405
8/2/2019,S14,Seagrass_14,T3,2,15.985
8/2/2019,S14,Seagrass_14,T3,3,12.607
8/2/2019,S14,Seagrass_14,T3,4,21.06
8/2/2019,S14,Seagrass_14,T3,5,11.086
8/2/2019,S14,Seagrass_14,T3,6,10.273
8/2/2019,S14,Seagrass_14,T3,7,21.427
8/2/2019,S14,Seagrass_14,T3,8,9.753
8/2/2019,S14,Seagrass_14,T3,9,17.365
8/2/2019,S14,Seagrass_14,T3,10,21.539
8/2/2019,S14,Seagrass_14,T3,11,18.705
8/2/2019,S14,Seagrass_14,T3,12,18.11
8/2/2019,S14,Seagrass_14,T3,13,20.076
8/2/2019,S14,Seagrass_14,T3,14,23.703
8/2/2019,S14,Seagrass_14,T3,15,24.655
8/2/2019,S14,Seagrass_14,T3,16,13.626
8/2/2019,S14,Seagrass_14,T3,17,23.701
8/2/2019,S14,Seagrass_14,T3,18,18.134
8/2/2019,S14,Seagrass_14,T3,19,8.902
8/2/2019,S14,Seagrass_14,T3,20,14.741
8/2/2019,S14,Seagrass_14,T3,21,17.012
8/2/2019,S14,Seagrass_14,T3,22,20.562
8/2/2019,S14,Seagrass_14,T3,23,22.578
8/2/2019,S14,Seagrass_14,T3,24,22.469
8/2/2019,S14,Seagrass_14,T3,25,16.012
8/2/2019,S14,Seagrass_14,T3,26,9.312
8/2/2019,S14,Seagrass_14,T3,27,10.748
8/2/2019,S14,Seagrass_14,T3,28,7.189
8/2/2019,S14,Seagrass_14,T3,29,13.709
8/2/2019,S14,Seagrass_14,T3,30,21.873
8/2/2019,S14,Seagrass_14,T3,31,16.182
8/2/2019,S14,Seagrass_14,T3,32,20.344
8/2/2019,S14,Seagrass_14,T3,33,23.873
8/2/2019,S14,Seagrass_14,T3,34,14.182
8/2/2019,S14,Seagrass_14,T3,35,19.871
8/2/2019,S14,Seagrass_14,T3,36,24.811
8/2/2019,S14,Seagrass_14,T3,37,8.932
8/2/2019,S14,Seagrass_14,T3,38,25.176
8/2/2019,S14,Seagrass_14,T3,39,8.585
8/2/2019,S14,Seagrass_14,T3,40,15.505
8/2/2019,S14,Seagrass_14,T3,41,21.416
8/2/2019,S14,Seagrass_14,T3,42,20.504
8/2/2019,S14,Seagrass_14,T3,43,5.683
8/2/2019,S14,Seagrass_14,T3,44,3.483
8/2/2019,S14,Seagrass_14,T3,45,4.508
8/2/2019,S14,Seagrass_14,T3,46,19.29
8/2/2019,S14,Seagrass_14,T3,47,8.251
8/2/2019,S14,Seagrass_14,T3,48,12.497
8/2/2019,S14,Seagrass_14,T3,49,14.234
8/2/2019,S14,Seagrass_14,T3,50,14.449
8/2/2019,S14,Seagrass_14,T3,51,12.954
8/2/2019,S14,Seagrass_14,T3,52,19.378
8/2/2019,S14,Seagrass_14,T3,53,5.758
8/2/2019,S14,Seagrass_14,T3,54,22.946
8/2/2019,S14,Seagrass_14,T3,55,9.231
8/2/2019,S14,Seagrass_14,T3,56,23.386
8/2/2019,S14,Seagrass_14,T3,57,10.45
8/2/2019,S14,Seagrass_14,T3,58,11.194
8/2/2019,S14,Seagrass_14,T3,59,16.484
8/2/2019,S14,Seagrass_14,T3,60,9.21
8/2/2019,S14,Seagrass_14,T3,61,13.622
8/2/2019,S14,Seagrass_14,T3,62,13.072
8/2/2019,S15,Seagrass_15,T1,1,28.164
8/2/2019,S15,Seagrass_15,T1,2,28.064
8/2/2019,S15,Seagrass_15,T1,3,33.648
8/2/2019,S15,Seagrass_15,T1,4,30.63
8/2/2019,S15,Seagrass_15,T1,5,32.904
8/2/2019,S15,Seagrass_15,T1,6,25.051
8/2/2019,S15,Seagrass_15,T1,7,29.72
8/2/2019,S15,Seagrass_15,T1,8,23.18
8/2/2019,S15,Seagrass_15,T1,9,15.802
8/2/2019,S15,Seagrass_15,T1,10,30.609
8/2/2019,S15,Seagrass_15,T1,11,23.2
8/2/2019,S15,Seagrass_15,T1,12,19.969
8/2/2019,S15,Seagrass_15,T1,13,32.198
8/2/2019,S15,Seagrass_15,T1,14,26.086
8/2/2019,S15,Seagrass_15,T1,15,25.198
8/2/2019,S15,Seagrass_15,T1,16,21.744
8/2/2019,S15,Seagrass_15,T1,17,21.474
8/2/2019,S15,Seagrass_15,T1,18,11.276
8/2/2019,S15,Seagrass_15,T1,19,17.098
8/2/2019,S15,Seagrass_15,T1,20,12.607
8/2/2019,S15,Seagrass_15,T1,21,20.807
8/2/2019,S15,Seagrass_15,T1,22,19.635
8/2/2019,S15,Seagrass_15,T1,23,31.442
8/2/2019,S15,Seagrass_15,T1,24,28.925
8/2/2019,S15,Seagrass_15,T1,25,23.723
8/2/2019,S15,Seagrass_15,T1,26,22.751
8/2/2019,S15,Seagrass_15,T1,27,14.19
8/2/2019,S15,Seagrass_15,T1,28,11.6
8/2/2019,S15,Seagrass_15,T1,29,30.643
8/2/2019,S15,Seagrass_15,T1,30,25.779
8/2/2019,S15,Seagrass_15,T1,31,27.324
8/2/2019,S15,Seagrass_15,T1,32,16.046
8/2/2019,S15,Seagrass_15,T1,33,26.458
8/2/2019,S15,Seagrass_15,T1,34,26.185
8/2/2019,S15,Seagrass_15,T1,35,22.912
8/2/2019,S15,Seagrass_15,T1,36,24.94
8/2/2019,S15,Seagrass_15,T1,37,32.754
8/2/2019,S15,Seagrass_15,T1,38,33.621
8/2/2019,S15,Seagrass_15,T1,39,17.239
8/2/2019,S15,Seagrass_15,T1,40,12.724
8/2/2019,S15,Seagrass_15,T1,41,27.571
8/2/2019,S15,Seagrass_15,T1,42,24.754
8/2/2019,S15,Seagrass_15,T1,43,31.904
8/2/2019,S15,Seagrass_15,T1,44,26.744
8/2/2019,S15,Seagrass_15,T1,45,11.593
8/2/2019,S15,Seagrass_15,T1,46,28.717
8/2/2019,S15,Seagrass_15,T1,47,30.101
8/2/2019,S15,Seagrass_15,T1,48,21.351
8/2/2019,S15,Seagrass_15,T1,49,19.639
8/2/2019,S15,Seagrass_15,T1,50,20.671
8/2/2019,S15,Seagrass_15,T1,51,11.482
8/2/2019,S15,Seagrass_15,T2,1,20.146
8/2/2019,S15,Seagrass_15,T2,2,19.2
8/2/2019,S15,Seagrass_15,T2,3,20.275
8/2/2019,S15,Seagrass_15,T2,4,21.157
8/2/2019,S15,Seagrass_15,T2,5,24.47
8/2/2019,S15,Seagrass_15,T2,6,22.258
8/2/2019,S15,Seagrass_15,T2,7,17.956
8/2/2019,S15,Seagrass_15,T2,8,16.212
8/2/2019,S15,Seagrass_15,T2,9,12.647
8/2/2019,S15,Seagrass_15,T2,10,10.444
8/2/2019,S15,Seagrass_15,T2,11,13.702
8/2/2019,S15,Seagrass_15,T2,12,25.453
8/2/2019,S15,Seagrass_15,T2,13,8.202
8/2/2019,S15,Seagrass_15,T2,14,24.188
8/2/2019,S15,Seagrass_15,T2,15,20.348
8/2/2019,S15,Seagrass_15,T2,16,22.672
8/2/2019,S15,Seagrass_15,T2,17,7.315
8/2/2019,S15,Seagrass_15,T2,18,15.278
8/2/2019,S15,Seagrass_15,T3,1,28.427
8/2/2019,S15,Seagrass_15,T3,2,19.722
8/2/2019,S15,Seagrass_15,T3,3,14.565
8/2/2019,S15,Seagrass_15,T3,4,32.906
8/2/2019,S15,Seagrass_15,T3,5,22.82
8/2/2019,S15,Seagrass_15,T3,6,31.198
8/2/2019,S15,Seagrass_15,T3,7,25.263
8/2/2019,S15,Seagrass_15,T3,8,18.306
8/2/2019,S15,Seagrass_15,T3,9,31.722
8/2/2019,S15,Seagrass_15,T3,10,21.485
8/2/2019,S15,Seagrass_15,T3,11,16.764
8/2/2019,S15,Seagrass_15,T3,12,24.145
8/2/2019,S15,Seagrass_15,T3,13,17.949
8/2/2019,S15,Seagrass_15,T3,14,27.125
8/2/2019,S15,Seagrass_15,T3,15,20.358
8/2/2019,S15,Seagrass_15,T3,16,22.845
8/2/2019,S15,Seagrass_15,T3,17,24.307
8/2/2019,S15,Seagrass_15,T3,18,22.63
8/2/2019,S15,Seagrass_15,T3,19,14.989
8/2/2019,S15,Seagrass_15,T3,20,17.075
8/2/2019,S15,Seagrass_15,T3,21,22.795
8/2/2019,S15,Seagrass_15,T3,22,14.43
8/2/2019,S15,Seagrass_15,T3,23,16.075
8/2/2019,S15,Seagrass_15,T3,24,5.885
8/2/2019,S15,Seagrass_15,T3,25,10.464
8/2/2019,S15,Seagrass_15,T3,26,22.476
8/2/2019,S15,Seagrass_15,T3,27,14.365
8/2/2019,S15,Seagrass_15,T3,28,20.333
8/2/2019,S15,Seagrass_15,T3,29,23.431
8/2/2019,S15,Seagrass_15,T3,30,14.94
8/13/2019,S1,Seagrass_1,T1,1,14.796
8/13/2019,S1,Seagrass_1,T2,1,8.187
8/13/2019,S1,Seagrass_1,T2,2,13.713
8/13/2019,S1,Seagrass_1,T2,3,13.302
8/13/2019,S1,Seagrass_1,T2,4,17.869
8/13/2019,S1,Seagrass_1,T2,5,15.624
8/13/2019,S1,Seagrass_1,T2,6,12.913
8/13/2019,S1,Seagrass_1,T3,1,9.816
8/13/2019,S1,Seagrass_1,T3,2,14.4
8/13/2019,S1,Seagrass_1,T3,3,37.114
8/13/2019,S1,Seagrass_1,T3,4,14.404
8/13/2019,S1,Seagrass_1,T3,5,24.468
8/13/2019,S1,Seagrass_1,T3,6,23.325
8/13/2019,S1,Seagrass_1,T3,7,24.008
8/13/2019,S1,Seagrass_1,T3,8,25.153
8/13/2019,S1,Seagrass_1,T3,9,24.331
8/13/2019,S1,Seagrass_1,T3,10,14.795
8/13/2019,S1,Seagrass_1,T3,11,26.079
8/13/2019,S1,Seagrass_1,T3,12,13.716
8/13/2019,S1,Seagrass_1,T3,13,16.121
8/13/2019,S1,Seagrass_1,T3,14,24.465
8/13/2019,S1,Seagrass_1,T3,15,16.954
8/13/2019,S1,Seagrass_1,T3,16,17.618
8/13/2019,S1,Seagrass_1,T3,17,14.232
8/13/2019,S17,Seagrass_17,T1,1,17.247
8/13/2019,S17,Seagrass_17,T1,2,22.601
8/13/2019,S17,Seagrass_17,T1,3,22.576
8/13/2019,S17,Seagrass_17,T1,4,21.49
8/13/2019,S17,Seagrass_17,T1,5,21.911
8/13/2019,S17,Seagrass_17,T1,6,29.776
8/13/2019,S17,Seagrass_17,T1,7,28.525
8/13/2019,S17,Seagrass_17,T1,8,17.584
8/13/2019,S17,Seagrass_17,T1,9,22.113
8/13/2019,S17,Seagrass_17,T1,10,16.943
8/13/2019,S17,Seagrass_17,T1,11,30.583
8/13/2019,S17,Seagrass_17,T1,12,26.348
8/13/2019,S17,Seagrass_17,T1,13,29.26
8/13/2019,S17,Seagrass_17,T1,14,32.467
8/13/2019,S17,Seagrass_17,T1,15,18.424
8/13/2019,S17,Seagrass_17,T1,16,22.126
8/13/2019,S17,Seagrass_17,T1,17,35.393
8/13/2019,S17,Seagrass_17,T1,18,13.518
8/13/2019,S17,Seagrass_17,T1,19,24.797
8/13/2019,S17,Seagrass_17,T1,20,27.539
8/13/2019,S17,Seagrass_17,T1,21,18.466
8/13/2019,S17,Seagrass_17,T1,22,27.771
8/13/2019,S17,Seagrass_17,T1,23,21.491
8/13/2019,S17,Seagrass_17,T1,24,30.563
8/13/2019,S17,Seagrass_17,T1,25,29.713
8/13/2019,S17,Seagrass_17,T1,26,24.158
8/13/2019,S17,Seagrass_17,T1,27,33.239
8/13/2019,S17,Seagrass_17,T1,28,23.078
8/13/2019,S17,Seagrass_17,T1,29,32.319
8/13/2019,S17,Seagrass_17,T1,30,20.282
8/13/2019,S17,Seagrass_17,T1,31,22.249
8/13/2019,S17,Seagrass_17,T1,32,38.354
8/13/2019,S17,Seagrass_17,T1,33,29.258
8/13/2019,S17,Seagrass_17,T1,34,20.901
8/13/2019,S17,Seagrass_17,T1,35,25.378
8/13/2019,S17,Seagrass_17,T1,36,29.624
8/13/2019,S17,Seagrass_17,T1,37,32.64
8/13/2019,S17,Seagrass_17,T1,38,31.877
8/13/2019,S17,Seagrass_17,T2,1,12.35
8/13/2019,S17,Seagrass_17,T2,2,10.671
8/13/2019,S17,Seagrass_17,T2,3,5.534
8/13/2019,S17,Seagrass_17,T2,4,22.964
8/13/2019,S17,Seagrass_17,T2,5,30.787
8/13/2019,S17,Seagrass_17,T2,6,30.395
8/13/2019,S17,Seagrass_17,T2,7,19.149
8/13/2019,S17,Seagrass_17,T2,8,37.55
8/13/2019,S17,Seagrass_17,T2,9,13.088
8/13/2019,S17,Seagrass_17,T2,10,18.634
8/13/2019,S17,Seagrass_17,T2,11,26.004
8/13/2019,S17,Seagrass_17,T2,12,31.001
8/13/2019,S17,Seagrass_17,T2,13,35.962
8/13/2019,S17,Seagrass_17,T2,14,20.637
8/13/2019,S17,Seagrass_17,T2,15,17.519
8/13/2019,S17,Seagrass_17,T2,16,37.693
8/13/2019,S17,Seagrass_17,T2,17,34.701
8/13/2019,S17,Seagrass_17,T2,18,18.565
8/13/2019,S17,Seagrass_17,T2,19,31.469
8/13/2019,S17,Seagrass_17,T2,20,15.785
8/13/2019,S17,Seagrass_17,T2,21,31.433
8/13/2019,S17,Seagrass_17,T2,22,36.991
8/13/2019,S17,Seagrass_17,T2,23,35.808
8/13/2019,S17,Seagrass_17,T2,24,34.444
8/13/2019,S17,Seagrass_17,T2,25,35.35
8/13/2019,S17,Seagrass_17,T2,26,31.328
8/13/2019,S17,Seagrass_17,T2,27,37.659
8/13/2019,S17,Seagrass_17,T2,28,37.174
8/13/2019,S17,Seagrass_17,T2,29,8.894
8/13/2019,S17,Seagrass_17,T2,30,11.254
8/13/2019,S17,Seagrass_17,T2,31,7.001
8/13/2019,S17,Seagrass_17,T2,32,11.778
8/13/2019,S17,Seagrass_17,T3,1,14.395
8/13/2019,S17,Seagrass_17,T3,2,19.089
8/13/2019,S17,Seagrass_17,T3,3,17.385
8/13/2019,S17,Seagrass_17,T3,4,28.883
8/13/2019,S17,Seagrass_17,T3,5,26.727
8/13/2019,S17,Seagrass_17,T3,6,16.38
8/13/2019,S17,Seagrass_17,T3,7,24.434
8/13/2019,S17,Seagrass_17,T3,8,19.703
8/13/2019,S17,Seagrass_17,T3,9,8.937
8/13/2019,S17,Seagrass_17,T3,10,10.399
8/13/2019,S17,Seagrass_17,T3,11,10.049
8/13/2019,S17,Seagrass_17,T3,12,15.843
8/13/2019,S17,Seagrass_17,T3,13,29.57
8/13/2019,S17,Seagrass_17,T3,14,11.804
8/13/2019,S17,Seagrass_17,T3,15,10.122
8/13/2019,S17,Seagrass_17,T3,16,13.902
8/13/2019,S17,Seagrass_17,T3,17,16.157
8/13/2019,S17,Seagrass_17,T3,18,20.494
8/13/2019,S17,Seagrass_17,T3,19,10.583
8/13/2019,S17,Seagrass_17,T3,20,24.381
8/13/2019,S17,Seagrass_17,T3,21,23.547
8/13/2019,S17,Seagrass_17,T3,22,25.087
8/13/2019,S17,Seagrass_17,T3,23,30.95
8/13/2019,S17,Seagrass_17,T3,24,21.374
8/13/2019,S17,Seagrass_17,T3,25,12.649
8/13/2019,S17,Seagrass_17,T3,26,13.064
8/13/2019,S17,Seagrass_17,T3,27,13.497
8/13/2019,S17,Seagrass_17,T3,28,28.675
8/13/2019,S17,Seagrass_17,T3,29,8.965
8/13/2019,S17,Seagrass_17,T3,30,16.426
8/13/2019,S17,Seagrass_17,T3,31,17.977
8/13/2019,S17,Seagrass_17,T3,32,32.778
8/13/2019,S17,Seagrass_17,T3,33,30.28
8/13/2019,S17,Seagrass_17,T3,34,30.504
8/13/2019,S17,Seagrass_17,T3,35,33.243
8/13/2019,S17,Seagrass_17,T3,36,23.839
8/13/2019,S17,Seagrass_17,T3,37,27.893
8/13/2019,S17,Seagrass_17,T3,38,32.291
8/13/2019,S17,Seagrass_17,T3,39,7.814
8/13/2019,S17,Seagrass_17,T3,40,28.757
8/13/2019,S17,Seagrass_17,T3,41,17.898
8/13/2019,S17,Seagrass_17,T3,42,31.259
8/13/2019,S17,Seagrass_17,T3,43,21.795
8/13/2019,S17,Seagrass_17,T3,44,20.246
8/13/2019,S17,Seagrass_17,T3,45,27.103
8/13/2019,S17,Seagrass_17,T3,46,17.836
8/13/2019,S17,Seagrass_17,T3,47,11.451
8/13/2019,S17,Seagrass_17,T3,48,26.175
8/13/2019,S17,Seagrass_17,T3,49,15.123
6/28/2019,CB,Creek_B,T3,1,7.783
6/28/2019,CB,Creek_B,T3,2,11.422
6/28/2019,CB,Creek_B,T3,3,15.111
6/28/2019,CB,Creek_B,T3,4,9.281
6/28/2019,CB,Creek_B,T3,5,3.952
6/28/2019,CB,Creek_B,T3,6,5.408
6/28/2019,CB,Creek_B,T3,7,12.664
6/28/2019,CB,Creek_B,T3,8,5.955
6/28/2019,CB,Creek_B,T3,9,11.288
